Feature,Importance
Title,0.20609071847149765
fare,0.20390760607852385
sex,0.17357779229373707
age,0.1359205852339802
pclass,0.11228938962856842
FamilySize,0.06358832982307318
sibsp,0.035505705099076544
embarked,0.034127658456447156
parch,0.022166698193788113
IsAlone,0.012825516721307823
